index,code,courseId,zone,bike,status,clean,goldS,silverS,diamondS,clearS,faults,medal,rewardScrap,ratioToGold,goldHeadroomS,diamondClockPasses,diamondHeadroomS,diamondRouteCrossed,reference,sourceStamp,hash
1,C1,c1-low-tide,coast,rookie,clean,true,36,45,30.6,30.35,0,platinum,300,0.843,5.65,true,0.25,,harness/inputs/c1-low-tide/bot-3.json,8fa49c3e,2bfe061963ffb058
1,C1,c1-low-tide,coast,pro,clean,true,32.4,40.5,27.54,29.3,0,gold,220,0.904,3.1,false,-1.76,,harness/inputs/c1-low-tide/bot-3-pro.json,8fa49c3e,7f41206ed23dc00d
2,C2,c2-crane-hop,coast,rookie,clean,true,31,38.75,26.35,26.608,0,gold,220,0.858,4.392,false,-0.258,,harness/inputs/c2-crane-hop/bot-3.json,8fa49c3e,88a0573d42a3ca40
2,C2,c2-crane-hop,coast,pro,clean,true,27.9,34.875,23.715,25.833,0,gold,220,0.926,2.067,false,-2.118,,harness/inputs/c2-crane-hop/bot-3-pro.json,8fa49c3e,64ec5d60318654fd
3,C3,c3-hull-breach,coast,rookie,clean,true,39,48.75,33.15,35.1,0,gold,220,0.9,3.9,false,-1.95,,harness/inputs/c3-hull-breach/bot-3.json,8fa49c3e,bcbe71b98fcd500a
3,C3,c3-hull-breach,coast,pro,clean,true,35.1,43.875,29.835,30.217,0,gold,220,0.861,4.883,false,-0.382,,harness/inputs/c3-hull-breach/bot-3-pro.json,8fa49c3e,516f6212e2cf6954
4,A1,a1-sawdust,alpine,rookie,clean,true,35,43.75,29.75,30.35,0,gold,220,0.867,4.65,false,-0.6,,harness/inputs/a1-sawdust/bot-3.json,8fa49c3e,91f3878cfca365d6
4,A1,a1-sawdust,alpine,pro,clean,true,31.5,39.375,26.775,28.992,0,gold,220,0.92,2.508,false,-2.217,,harness/inputs/a1-sawdust/bot-3-pro.json,8fa49c3e,7eab768f587b1da8
5,A2,a2-log-jam,alpine,rookie,clean,true,35,43.75,29.75,29.983,0,gold,220,0.857,5.017,false,-0.233,,harness/inputs/a2-log-jam/bot-3.json,8fa49c3e,82b364d5e95115f0
5,A2,a2-log-jam,alpine,pro,clean,true,31.5,39.375,26.775,29.892,0,gold,220,0.949,1.608,false,-3.117,,harness/inputs/a2-log-jam/bot-3-pro.json,8fa49c3e,b45c0fd36ada8454
6,A3,a3-timberline,alpine,rookie,clean,true,29,36.25,24.65,24.817,0,gold,220,0.856,4.183,false,-0.167,,harness/inputs/a3-timberline/bot-3.json,8fa49c3e,7c8649893814e931
6,A3,a3-timberline,alpine,pro,clean,true,26.1,32.625,22.185,23.233,0,gold,220,0.89,2.867,false,-1.048,,harness/inputs/a3-timberline/bot-3-pro.json,8fa49c3e,c04ed38cfb94372d
7,D1,d1-dust-devil,quarry,rookie,clean,true,31.5,39.375,26.775,27.058,0,gold,220,0.859,4.442,false,-0.283,,harness/inputs/d1-dust-devil/bot-3.json,8fa49c3e,1f14e1b4bfde3ab1
7,D1,d1-dust-devil,quarry,pro,clean,true,28.35,35.438,24.098,26.2,0,gold,220,0.924,2.15,false,-2.102,,harness/inputs/d1-dust-devil/bot-3-pro.json,8fa49c3e,47fac9a92e3cd0ee
8,D2,d2-conveyor,quarry,rookie,clean,true,43,53.75,36.55,37.158,0,gold,220,0.864,5.842,false,-0.608,,harness/inputs/d2-conveyor/bot-3.json,8fa49c3e,0783873ba9ba4df4
8,D2,d2-conveyor,quarry,pro,clean,true,38.7,48.375,32.895,36.825,0,gold,220,0.952,1.875,false,-3.93,,harness/inputs/d2-conveyor/bot-3-pro.json,8fa49c3e,5213ee5fa8596df2
9,D3,d3-rope-walk,quarry,rookie,clean,true,55,68.75,46.75,35.333,0,gold,220,0.642,19.667,true,11.417,false,harness/inputs/d3-rope-walk/bot-3.json,8fa49c3e,90771ccc2836472d
9,D3,d3-rope-walk,quarry,pro,clean,true,49.5,61.875,42.075,32.95,0,platinum,300,0.666,16.55,true,9.125,true,harness/inputs/d3-rope-walk/bot-3-pro.json,8fa49c3e,59b139051a005000
10,S1,s1-lift-line,snowline,rookie,clean,true,55,68.75,46.75,30.983,0,gold,220,0.563,24.017,true,15.767,false,harness/inputs/s1-lift-line/bot-3.json,8fa49c3e,97e0289e3d895fad
10,S1,s1-lift-line,snowline,pro,clean,true,49.5,61.875,42.075,30.333,0,platinum,300,0.613,19.167,true,11.742,true,harness/inputs/s1-lift-line/bot-3-pro.json,8fa49c3e,4d42e105d6ce4686
11,S2,s2-cornice,snowline,rookie,clean,true,44.5,55.625,37.825,35.542,0,gold,220,0.799,8.958,true,2.283,false,harness/inputs/s2-cornice/bot-3.json,8fa49c3e,0dfbb2e20253f34b
11,S2,s2-cornice,snowline,pro,clean,true,40.05,50.063,34.042,33.792,0,platinum,300,0.844,6.258,true,0.251,true,harness/inputs/s2-cornice/bot-3-pro.json,8fa49c3e,e5aa2e592e9102d1
12,S3,s3-whiteout,snowline,rookie,clean,true,60,75,51,31.725,0,gold,220,0.529,28.275,true,19.275,false,harness/inputs/s3-whiteout/bot-3.json,8fa49c3e,6706e22e5f446466
12,S3,s3-whiteout,snowline,pro,clean,true,54,67.5,45.9,29.6,0,platinum,300,0.548,24.4,true,16.3,true,harness/inputs/s3-whiteout/bot-3-pro.json,8fa49c3e,ac95fa85250009d9
