id,path,sha256,stored_frames,fps,review_scope
0,/Users/raynos/projects/games/rockhop/docs/evidence/hero-remaster/one-rider-v2/parent-assembly/donor-fit05-motion02/actual-neck-motion.mp4,9e4958e8b1b4bd55bfff20bc9416916cb9c633f38c8eeee60737d0e62d48a510,36,12/1,inventoried; not individually pixel-reviewed
1,/Users/raynos/projects/games/rockhop/docs/evidence/hero-remaster/one-rider-v2/parent-assembly/donor-fit05-motion01-correction01/actual-neck-motion-FAILED.mp4,739e9398c98f533b1c09500ccdb77037042513c6f71f72f6ce54007bf15887a7,36,12/1,inventoried; not individually pixel-reviewed
2,/Users/raynos/projects/games/rockhop/docs/evidence/hero-remaster/one-rider-v2/parent-assembly/donor-fit05-motion01/actual-turntable.mp4,43fc15b26f79543fc632123c0b2b4b079f7cd5533c958564667e64da1a1b179f,24,12/1,inventoried; not individually pixel-reviewed
3,/Users/raynos/projects/games/rockhop/docs/evidence/hero-remaster/one-rider-v2/glove-cleanup/ring-loft-trial1/temporary-seam-motion.mp4,df59fc5fd63615975209d5c7d2a7d33c889b0f21880e93eeb29e1c30e3f74570,36,12/1,inventoried; not individually pixel-reviewed
4,/Users/raynos/projects/games/rockhop/docs/evidence/hero-remaster/one-rider-v2/glove-cleanup/mpfb-trial2/mirror-corrected/temporary-seam-motion.mp4,e29e16e30a3f800619ddb9a097b8428a121d9e94c4e4de6f2c188c1bc90dbc84,36,12/1,inventoried; not individually pixel-reviewed
5,/Users/raynos/projects/games/rockhop/docs/evidence/hero-remaster/one-rider-v2/glove-cleanup/neutral-assembly/temporary-seam-motion.mp4,903d5a543cc670f6e38a50a6d82472fcca618486d965cbe4112ae4fd2bbdbf61,36,12/1,inventoried; not individually pixel-reviewed
6,/Users/raynos/projects/games/rockhop/docs/evidence/hero-remaster/one-rider-v2/glove-cleanup/neutral-assembly/motion-correction01/semantic-seam-motion.mp4,01f090743c79eadac51da4e3f353ca6f8eee3546926e5329474d61e12c387b7b,36,12/1,inventoried; not individually pixel-reviewed
7,/Users/raynos/projects/games/rockhop/docs/evidence/hero-remaster/one-rider-v2/rig-adapter01/native-grip02/actual-DQS-front-open-wrap-open.mp4,c6efbed4aa1d916ef03a93b3152028f0687437a1b8020d9dea64a36f3d1f5680,33,16/1,inventoried; not individually pixel-reviewed
8,/Users/raynos/projects/games/rockhop/docs/evidence/hero-remaster/one-rider-v2/rig-adapter01/native-grip02/actual-DQS-palm-open-wrap-open.mp4,46b39e98119d2f4dbbf8afed092a02a47f2a369bfbba5a4d3eb481651ac39122,33,16/1,inventoried; not individually pixel-reviewed
9,/Users/raynos/projects/games/rockhop/docs/evidence/hero-remaster/one-rider-v2/rig-adapter01/native-grip02/actual-LBS-palm-open-wrap-open.mp4,92976cc548ee6fa4be1c8a3a4906d13a829b535ce85b95201b5dcd7dc303c7e5,33,16/1,inventoried; not individually pixel-reviewed
10,/Users/raynos/projects/games/rockhop/docs/evidence/hero-remaster/one-rider-v2/rig-adapter01/native-grip02/actual-LBS-front-open-wrap-open.mp4,9f906cd44af611952beeff9f13def7f5da904c16e545e74cfc09300dc58219b7,33,16/1,inventoried; not individually pixel-reviewed
11,/Users/raynos/projects/games/rockhop/docs/evidence/hero-remaster/one-rider-v2/rig-adapter01/native-grip02/actual-DQS-profile-open-wrap-open.mp4,5f6d2d3e5bd380cdf5f925ab57fd4f507aafa107b5bccbc849f62b44f65d1458,33,16/1,inventoried; not individually pixel-reviewed
12,/Users/raynos/projects/games/rockhop/docs/evidence/hero-remaster/one-rider-v2/rig-adapter01/native-grip02/actual-LBS-profile-open-wrap-open.mp4,71d3e90dfae63857c7dc6479c53691c40e70f84c9f8b238a79156c9f5d99e62d,33,16/1,inventoried; not individually pixel-reviewed
13,/Users/raynos/projects/games/rockhop/docs/evidence/hero-remaster/one-rider-v2/rig-adapter01/body-bind05/played04/gray/played.mp4,ce8356e4dcebe4113739696880dc992252c96400c75905e6c965f251bd5ba138,480,12/1,9 evenly spaced decoded frames
14,/Users/raynos/projects/games/rockhop/docs/evidence/hero-remaster/one-rider-v2/rig-adapter01/body-bind05/played04/textured/played.mp4,d880e9461e71debfe9d0657b98062e94746b1428072fcc50cfe2fc4c19a3e972,480,12/1,9 evenly spaced decoded frames
15,/Users/raynos/projects/games/rockhop/docs/evidence/hero-remaster/one-rider-v2/rig-adapter01/body-bind05/played03/hands/played.mp4,8daffb6fb596ded9ae5d3aa352f4fa928bb188bd2d4710bf576c136b4c17015e,480,12/1,9 evenly spaced decoded frames
16,/Users/raynos/projects/games/rockhop/docs/evidence/hero-remaster/one-rider-v2/rig-adapter01/body-bind05/played02/feet/played.mp4,346525b9131eaa3f027936d9b0812cf591bd2c5051e745b6bb8561ce49d41fd9,480,12/1,9 evenly spaced decoded frames
17,/Users/raynos/projects/games/rockhop/docs/evidence/hero-remaster/one-rider-v2/rig-adapter01/body-bind05/played02/body/played.mp4,91fb36d2282dc3191b214173327437307df0cd7dbf864c169db078065a915d24,480,12/1,9 evenly spaced decoded frames
18,/Users/raynos/projects/games/rockhop/docs/evidence/hero-remaster/one-rider-v2/rig-adapter01/body-bind05/played02/hands/played.mp4,77767cada5b6277ba8eb4eddb4cbd04697900848035540881697ef3975beb77b,480,12/1,9 evenly spaced decoded frames
19,/Users/raynos/projects/games/rockhop/docs/evidence/hero-remaster/one-rider-v2/rig-adapter01/body-bind05/played01/wrists/wrists.mp4,946bea786800495e2a92e0fe092e22056c5048900c147b650280572c31d004f8,120,30/1,9 evenly spaced decoded frames
20,/Users/raynos/projects/games/rockhop/docs/evidence/hero-remaster/one-rider-v2/rig-adapter01/body-bind02/actual-sit-090.mp4,7d7163a09793404513e7118ccee7d06f1b28e9cf3d0b3d74902f1701262264cc,24,12/1,9 evenly spaced decoded frames
21,/Users/raynos/projects/games/rockhop/docs/evidence/hero-remaster/one-rider-v2/rig-adapter01/body-bind02/actual-sit-000.mp4,edfe19844dd9bed4464dba1fd05e8341a421f6ffb9ea5d808fac180988f4b484,24,12/1,9 evenly spaced decoded frames
22,/Users/raynos/projects/games/rockhop/docs/evidence/hero-remaster/one-rider-v2/rig-adapter01/body-bind03/actual-sit-090.mp4,45d8944d5757da646817a2666aae4fa531013eaadfb19cff87cb82762ee2036e,24,12/1,9 evenly spaced decoded frames
23,/Users/raynos/projects/games/rockhop/docs/evidence/hero-remaster/one-rider-v2/rig-adapter01/body-bind03/actual-sit-000.mp4,a3002dc70c1298d9bd266028e7f9ea425b2870052591e35da896c9ff46fed112,24,12/1,9 evenly spaced decoded frames
24,/Users/raynos/projects/games/rockhop/docs/evidence/hero-remaster/one-rider-v2/rig-adapter01/body-bind04/actual-sit-090.mp4,355bf10accf83e4ad9f6d0d9b6c89a04b137819bdba48d228346cb7d3b354b41,24,12/1,9 evenly spaced decoded frames
25,/Users/raynos/projects/games/rockhop/docs/evidence/hero-remaster/one-rider-v2/rig-adapter01/body-bind04/actual-sit-000.mp4,f8276d6ac7a08cf46d7f5085018ffbae95a0de8dd9f72488acb2b2d9ca1846de,24,12/1,9 evenly spaced decoded frames
26,/Users/raynos/projects/games/rockhop/docs/evidence/hero-remaster/one-rider-v2/rig-adapter01/body-bind10/played01/gray/played.mp4,fa906e1c65fd6e5468bf9c28a69bb4a660689b07a9f719b979afdf1570d7034c,72,12/1,9 evenly spaced decoded frames
27,/Users/raynos/projects/games/rockhop/docs/evidence/hero-remaster/one-rider-v2/rig-adapter01/body-bind10/played01/textured/played.mp4,25233eaf3d750ad98b52d8848b329f4a5ed3d65df895694be1edd351644743f8,72,12/1,9 evenly spaced decoded frames
28,/Users/raynos/projects/games/rockhop/docs/evidence/hero-remaster/one-rider-v2/rig-adapter01/body-bind19/morph01/played/rear-three-quarter/gray/played.mp4,6b4d0bf54dc88a33e2c0aa6082e6859f242cb181ded558685e3c0aa63427cebe,264,12/1,9 evenly spaced decoded frames
29,/Users/raynos/projects/games/rockhop/docs/evidence/hero-remaster/one-rider-v2/rig-adapter01/body-bind19/morph01/played/rear-three-quarter/textured/played.mp4,93da73e4461c1b822a28d6a5d74d5501d80835cfaaf48b77a26ad45709e0337d,264,12/1,9 evenly spaced decoded frames
30,/Users/raynos/projects/games/rockhop/docs/evidence/hero-remaster/one-rider-v2/rig-adapter01/body-bind19/morph01/played/side/gray/played.mp4,8430c23bf7972856283103647145de7f5fab22391ad7e9193d2f8e00389d92ad,264,12/1,9 evenly spaced decoded frames
31,/Users/raynos/projects/games/rockhop/docs/evidence/hero-remaster/one-rider-v2/rig-adapter01/body-bind19/morph01/played/side/textured/played.mp4,5a6f87c35517e1cff48061f074c5ce1611e772bd341f6b41afc5c82340016aaf,264,12/1,9 evenly spaced decoded frames
32,/Users/raynos/projects/games/rockhop/docs/evidence/hero-remaster/one-rider-v2/rig-adapter01/body-bind20/played01/gray/played.mp4,ceb584b89215d3d7c716ed084c41c875eb40eb292cd5d1d1db01507ea7ea9ab1,72,12/1,9 evenly spaced decoded frames
33,/Users/raynos/projects/games/rockhop/docs/evidence/hero-remaster/one-rider-v2/rig-adapter01/body-bind20/played01/textured/played.mp4,c7e7f2f186733b6d93f04aa44aefd5238c794a5ffd25f279b620f9aad97419ef,72,12/1,9 evenly spaced decoded frames
34,/Users/raynos/projects/games/rockhop/docs/evidence/hero-remaster/one-rider-v2/rig-adapter01/body-bind11/face-focus02/gray/played.mp4,c9e6e62ba316356e9633308b2318131c9f5673820ec1f3e5fdd48e3002545c5a,72,12/1,inventoried; not individually pixel-reviewed
35,/Users/raynos/projects/games/rockhop/docs/evidence/hero-remaster/one-rider-v2/rig-adapter01/body-bind11/face-focus02/textured/played.mp4,8bd4282f2a2b447846d515c66b17821d9ee42e935514ad77b2128517962cacae,72,12/1,inventoried; not individually pixel-reviewed
36,/Users/raynos/projects/games/rockhop/docs/evidence/hero-remaster/one-rider-v2/rig-adapter01/body-bind11/sitting-multiangle01/fixture02/rear-three-quarter/played.mp4,82fcc203b1ca84747924ce26a75a14b5b637b0c3a2ea6f9f7abe81a42bb83516,24,12/1,all consecutive stored frames
37,/Users/raynos/projects/games/rockhop/docs/evidence/hero-remaster/one-rider-v2/rig-adapter01/body-bind11/sitting-multiangle01/fixture02/rear-three-quarter/half-speed.mp4,0b89b2aed245ee3f9eed3759222609489ecd5ca8c754aaa5c684102f9699470a,95,24/1,inventoried; not individually pixel-reviewed
38,/Users/raynos/projects/games/rockhop/docs/evidence/hero-remaster/one-rider-v2/rig-adapter01/body-bind11/sitting-multiangle01/fixture02/side/played.mp4,5be1fdc5142f784de2be621455de1ce6ea126916e4e3fe7e0e729d9b590930c4,24,12/1,all consecutive stored frames
39,/Users/raynos/projects/games/rockhop/docs/evidence/hero-remaster/one-rider-v2/rig-adapter01/body-bind11/sitting-multiangle01/fixture02/side/half-speed.mp4,99bf7718d549dd986a9f16c353bd15573e31de5596448018b4ddf0c3c756c489,95,24/1,inventoried; not individually pixel-reviewed
40,/Users/raynos/projects/games/rockhop/docs/evidence/hero-remaster/one-rider-v2/rig-adapter01/body-bind11/sitting-multiangle01/fixture02/front/played.mp4,3246f8aeafc8f56a34bd052d5785af87444a3c9de2133f305b4968cc78951fef,24,12/1,all consecutive stored frames
41,/Users/raynos/projects/games/rockhop/docs/evidence/hero-remaster/one-rider-v2/rig-adapter01/body-bind11/sitting-multiangle01/fixture02/front/half-speed.mp4,90eab6a3457db6cd2c90b839facb2310bd750bced9b7fafe17719f06e39c5404,95,24/1,inventoried; not individually pixel-reviewed
42,/Users/raynos/projects/games/rockhop/docs/evidence/hero-remaster/one-rider-v2/rig-adapter01/body-bind11/played01/gray/played.mp4,fa906e1c65fd6e5468bf9c28a69bb4a660689b07a9f719b979afdf1570d7034c,72,12/1,inventoried; not individually pixel-reviewed
43,/Users/raynos/projects/games/rockhop/docs/evidence/hero-remaster/one-rider-v2/rig-adapter01/body-bind11/played01/textured/played.mp4,43eff7e4ef764559de46b5e79a4e95ddcf549f8804194e5b2c02c2fa867703fb,72,12/1,9 evenly spaced decoded frames
44,/Users/raynos/projects/games/rockhop/docs/evidence/hero-remaster/one-rider-v2/rig-adapter01/played-surfaces11/framed04/feet/played.mp4,9a24bb08ed3f95a056038eacb0b8729f91f83d0e8b217ac38d649b4bec8157ae,240,6/1,9 evenly spaced decoded frames
45,/Users/raynos/projects/games/rockhop/docs/evidence/hero-remaster/one-rider-v2/rig-adapter01/played-surfaces11/framed04/feet/maximum-forward.mp4,89bc4c99c985b1a03032f8195c9384c87d8b3461e399f1a359c0f48822918d59,15,6/1,9 evenly spaced decoded frames
46,/Users/raynos/projects/games/rockhop/docs/evidence/hero-remaster/one-rider-v2/rig-adapter01/played-surfaces11/framed04/feet/landing-recovery.mp4,17a539a2944874c575729ec06861ecf870631b0ef2ee3755fce812330ea6ecc9,14,6/1,9 evenly spaced decoded frames
47,/Users/raynos/projects/games/rockhop/docs/evidence/hero-remaster/one-rider-v2/rig-adapter01/played-surfaces11/framed04/feet/maximum-backward.mp4,d85ad763c8e2b81d6ca200d72d091e441b3b512010409c2116d5c7d277b6a33f,15,6/1,9 evenly spaced decoded frames
48,/Users/raynos/projects/games/rockhop/docs/evidence/hero-remaster/one-rider-v2/rig-adapter01/played-surfaces11/framed04/hands/played.mp4,9f89fb798e367be1a37f621562caecd6065ed6d0802be40d853c7db83bb4b33f,240,6/1,9 evenly spaced decoded frames
49,/Users/raynos/projects/games/rockhop/docs/evidence/hero-remaster/one-rider-v2/rig-adapter01/played-surfaces11/framed04/hands/maximum-forward.mp4,74ea6ddefc5ae0f12abaed2facfd62932d921f9d8c7933df3bfcf1466432bbb7,15,6/1,9 evenly spaced decoded frames
50,/Users/raynos/projects/games/rockhop/docs/evidence/hero-remaster/one-rider-v2/rig-adapter01/played-surfaces11/framed04/hands/landing-recovery.mp4,075b1e7f8efe0e96257b7d26a87103c56b4db74d503170189387e362b30296af,14,6/1,9 evenly spaced decoded frames
51,/Users/raynos/projects/games/rockhop/docs/evidence/hero-remaster/one-rider-v2/rig-adapter01/played-surfaces11/framed04/hands/maximum-backward.mp4,9d260be301af054df1cbbbc1ee1307aad7d5125cc76d13dfacb3ced4659127bc,15,6/1,9 evenly spaced decoded frames
52,/Users/raynos/projects/games/rockhop/docs/evidence/hero-remaster/one-rider-v2/rig-adapter01/played-hips11/rear-three-quarter/gray/played.mp4,b128e12ec1ad3b2375a151f3ceb5d5156d6ee838298efe33601defa5526580e3,264,12/1,9 evenly spaced decoded frames
53,/Users/raynos/projects/games/rockhop/docs/evidence/hero-remaster/one-rider-v2/rig-adapter01/played-hips11/rear-three-quarter/textured/played.mp4,7544644e23bfeb2dbb468dc55826e808f0d52f04a3b287f84a110ca5576263ad,264,12/1,inventoried; not individually pixel-reviewed
54,/Users/raynos/projects/games/rockhop/docs/evidence/hero-remaster/one-rider-v2/rig-adapter01/played-hips11/framed02/rear-three-quarter/gray/played.mp4,100cd1e28928c8a91f4fd589af249ae4e805d06dfd1e00422a509f73ce9cec12,264,12/1,all consecutive stored frames
55,/Users/raynos/projects/games/rockhop/docs/evidence/hero-remaster/one-rider-v2/rig-adapter01/played-hips11/framed02/rear-three-quarter/textured/played.mp4,4a35182f99def06384ebe12f985247f8b9eb12adf04cb93ad57dca9581f312cf,264,12/1,all consecutive stored frames
56,/Users/raynos/projects/games/rockhop/docs/evidence/hero-remaster/one-rider-v2/rig-adapter01/played-hips11/framed02/side/gray/played.mp4,f060454916afbede74d82fc0fd9cf643c274d0121f394c1450254537e7a7d9ba,264,12/1,all consecutive stored frames
57,/Users/raynos/projects/games/rockhop/docs/evidence/hero-remaster/one-rider-v2/rig-adapter01/played-hips11/framed02/side/textured/played.mp4,89bb29533e80b754cf9fad967ab0cc7528202e5c79407940c4023cea7ff9ac69,264,12/1,all consecutive stored frames
58,/Users/raynos/projects/games/rockhop/docs/evidence/hero-remaster/one-rider-v2/rig-adapter01/played-hips11/side/gray/played.mp4,48dd3ca75313bddf5f24f6f79c7df811865b341dccd7d1379b0c862a1b3a3493,264,12/1,9 evenly spaced decoded frames
59,/Users/raynos/projects/games/rockhop/docs/evidence/hero-remaster/one-rider-v2/rig-adapter01/played-hips11/side/textured/played.mp4,0176818f34a4417766a1a12ff8b19387877dbfa6d24e6817a5692ce18b94efc0,264,12/1,inventoried; not individually pixel-reviewed
60,/Users/raynos/projects/games/rockhop/docs/evidence/hero-remaster/one-rider-v2/rig-adapter01/unimate-new01/actual-gt-090.mp4,66edfdbf55105e9fded5eb7e054454fabf68ed7b33bb14384a752820e66e58ea,29,15/1,9 evenly spaced decoded frames
61,/Users/raynos/projects/games/rockhop/docs/evidence/hero-remaster/one-rider-v2/rig-adapter01/unimate-new01/actual-raw-000.mp4,baa79b5124dd458eaeea17e8560ba4faaa5d182f164444cb3469c75f96f9d562,29,15/1,9 evenly spaced decoded frames
62,/Users/raynos/projects/games/rockhop/docs/evidence/hero-remaster/one-rider-v2/rig-adapter01/unimate-new01/actual-gt-000.mp4,b53f04e9c2e681d9701da2554645f7ad801bf2571edecc99595fcdd09eb6dc97,29,15/1,9 evenly spaced decoded frames
63,/Users/raynos/projects/games/rockhop/docs/evidence/hero-remaster/one-rider-v2/rig-adapter01/unimate-new01/actual-raw-090.mp4,6c1f4d9efa259d8db6bd881cdab5ff3b25ae89a0e1ebb3265220b7d863539357,29,15/1,9 evenly spaced decoded frames
64,/Users/raynos/projects/games/rockhop/docs/evidence/hero-remaster/one-rider-v2/rig-adapter01/native-grip01/actual-front-open-wrap-open.mp4,4827b06fb397b112a65b948b832d27c1bc7c93dc493a6c85c3592fea2b4767e3,33,16/1,inventoried; not individually pixel-reviewed
65,/Users/raynos/projects/games/rockhop/docs/evidence/hero-remaster/one-rider-v2/rig-adapter01/native-grip01/actual-palm-open-wrap-open.mp4,d883422f664dbe8cdd8c30e50c9a72ad9404a900bd26116c84696667105851ad,33,16/1,inventoried; not individually pixel-reviewed
66,/Users/raynos/projects/games/rockhop/docs/evidence/hero-remaster/one-rider-v2/rig-adapter01/native-grip01/actual-profile-open-wrap-open.mp4,209dee51251603dd35ff736fd443c7e81803c0090ed0af91f91d3013fbab29d9,33,16/1,inventoried; not individually pixel-reviewed
67,/Users/raynos/projects/games/rockhop/docs/evidence/hero-remaster/one-rider-v2/rig-adapter01/body-bind01/actual-sit-090.mp4,fad431ac19aa3eb5165c4817ebd46046b4b9d85aff1154ccbcbed2e203d94e7a,24,12/1,9 evenly spaced decoded frames
68,/Users/raynos/projects/games/rockhop/docs/evidence/hero-remaster/one-rider-v2/rig-adapter01/body-bind01/actual-sit-000.mp4,9c523d6aa3f1b147fa0bb4d32645668fcbff5717cb4ef1e8cda548192a3e5ca3,24,12/1,9 evenly spaced decoded frames
69,/Users/raynos/projects/games/rockhop/docs/evidence/hero-remaster/one-rider-v2/rig-adapter01/body-bind06/played01/gray/played.mp4,abae4a8e802741410d5206a23a198c857382d902078809882d2dda1f08dec46a,480,12/1,9 evenly spaced decoded frames
70,/Users/raynos/projects/games/rockhop/docs/evidence/hero-remaster/one-rider-v2/rig-adapter01/body-bind06/played01/textured/played.mp4,1004cec3040edbb002bf821c45570e98734e64e3548484d660edc4c6731116b4,480,12/1,9 evenly spaced decoded frames
71,/Users/raynos/projects/games/rockhop/docs/evidence/hero-remaster/one-rider-v2/rig-adapter01/body-bind07/played01/gray/played.mp4,af7eeb4a68fd3490b1b1e4958e15562123e8f093f7c3dd215ddc30e6dd5ad159,480,12/1,9 evenly spaced decoded frames
72,/Users/raynos/projects/games/rockhop/docs/evidence/hero-remaster/one-rider-v2/rig-adapter01/body-bind07/played01/textured/played.mp4,85d1ec728e239c77d83c7940a748345bcc68e0c149811706bcc2dbcc6557f3db,480,12/1,9 evenly spaced decoded frames
73,/Users/raynos/projects/games/rockhop/docs/evidence/hero-remaster/one-rider-v2/rig-adapter01/body-bind09/face-closeup02/gray/played.mp4,fa906e1c65fd6e5468bf9c28a69bb4a660689b07a9f719b979afdf1570d7034c,72,12/1,inventoried; not individually pixel-reviewed
74,/Users/raynos/projects/games/rockhop/docs/evidence/hero-remaster/one-rider-v2/rig-adapter01/body-bind09/face-closeup02/textured/played.mp4,f86eed95401f6660907af8a6a1ed338706934efdf0578423f29627e0426f3ced,72,12/1,inventoried; not individually pixel-reviewed
75,/Users/raynos/projects/games/rockhop/docs/evidence/hero-remaster/one-rider-v2/rig-adapter01/body-bind09/face-detail01/gray/played.mp4,7057c84eefae597a60896b8db345dbeb0b1fc3c228ffc42974a9d23bf0ce6609,72,12/1,inventoried; not individually pixel-reviewed
76,/Users/raynos/projects/games/rockhop/docs/evidence/hero-remaster/one-rider-v2/rig-adapter01/body-bind09/face-detail01/textured/played.mp4,4d43186284562567b64a642666888b040157cc6afcadfe4c33dceb291c49baa7,72,12/1,inventoried; not individually pixel-reviewed
77,/Users/raynos/projects/games/rockhop/docs/evidence/hero-remaster/one-rider-v2/rig-adapter01/body-bind09/played01/gray/played.mp4,d386f6d7a8fabd650d8b51a7f7179716f55cc7fa2e6960eca79ea2f2768b080c,480,12/1,9 evenly spaced decoded frames
78,/Users/raynos/projects/games/rockhop/docs/evidence/hero-remaster/one-rider-v2/rig-adapter01/body-bind09/played01/textured/played.mp4,4f956cb9b7f3578e0bf246cef167ee5bfe042e0f68c7fb65a5422eb6ea7a6463,480,12/1,9 evenly spaced decoded frames
79,/Users/raynos/projects/games/rockhop/docs/evidence/hero-remaster/one-rider-v2/rig-adapter01/body-bind13/played01/gray/played.mp4,486c3004e61f18ade5274f87e666c6f45f5ef150c07230a2a68a060b378444b0,72,12/1,9 evenly spaced decoded frames
80,/Users/raynos/projects/games/rockhop/docs/evidence/hero-remaster/one-rider-v2/rig-adapter01/body-bind13/played01/textured/played.mp4,7647d42cbe784c4fb11b4a890a39d2d98445065da521b8e3f8b76df0e98bb1d2,72,12/1,9 evenly spaced decoded frames
81,/Users/raynos/projects/games/rockhop/docs/evidence/hero-remaster/one-rider-v2/rig-adapter01/body-bind14/played01/gray/played.mp4,29a85a11047d8f68fbebc90bb176dcf01a680f8b222a72c8caece216e1771e07,72,12/1,9 evenly spaced decoded frames
82,/Users/raynos/projects/games/rockhop/docs/evidence/hero-remaster/one-rider-v2/rig-adapter01/body-bind14/played01/textured/played.mp4,8f27f6f346aae43066948bd93e05a1b7f084deeeffa24185bd0706004585814c,72,12/1,9 evenly spaced decoded frames
83,/Users/raynos/projects/games/rockhop/docs/evidence/hero-remaster/one-rider-v2/autonomous-lanes/C-garment-pattern/trial01/turntable.mp4,645190a3e51cf9148e6d206e67fe5fe61a9befe48a181676228f3d926cdde454,36,12/1,inventoried; not individually pixel-reviewed
84,/Users/raynos/projects/localai/runtime/rockhop-rider-search-v1/one-rider-v2/rig-adapter01/body-bind05/decoded-evidence/played04/gray/played-original.mp4,82d6b34b2968d2e939d71e864265a11b4577777af605ceb50d709c6bca8973c0,480,12/1,inventoried; not individually pixel-reviewed
85,/Users/raynos/projects/localai/runtime/rockhop-rider-search-v1/one-rider-v2/rig-adapter01/body-bind05/decoded-evidence/played04/textured/played-original.mp4,eb66d87c19ceb005cbb237915d5c6d15778e7f1d8bb685b2066b7547458ef592,480,12/1,inventoried; not individually pixel-reviewed
86,/Users/raynos/projects/localai/runtime/rockhop-rider-search-v1/one-rider-v2/rig-adapter01/body-bind05/decoded-evidence/played03/hands/played-original.mp4,0b94675d8415c9c513960688f371da8b38963fa4fdb8ac0a4fa57cf6d061a936,480,12/1,inventoried; not individually pixel-reviewed
87,/Users/raynos/projects/localai/runtime/rockhop-rider-search-v1/one-rider-v2/rig-adapter01/body-bind05/decoded-evidence/played02/feet/played-original.mp4,86b396762b24001e79e972bc75c71fadec4e0366bb9c0e4c40b1fc07577dcb8d,480,12/1,inventoried; not individually pixel-reviewed
88,/Users/raynos/projects/localai/runtime/rockhop-rider-search-v1/one-rider-v2/rig-adapter01/body-bind05/decoded-evidence/played02/body/played-original.mp4,1b9cc0b2cc0e4f3e153574a2c8bf9e4909cda8df80d40fd15c3aed2ddfd389e1,480,12/1,inventoried; not individually pixel-reviewed
89,/Users/raynos/projects/localai/runtime/rockhop-rider-search-v1/one-rider-v2/rig-adapter01/body-bind05/decoded-evidence/played02/hands/played-original.mp4,fe1c23e3adf68803cde492595345ad63f495320c651ea121c651ab7fbce459f2,480,12/1,inventoried; not individually pixel-reviewed
90,/Users/raynos/projects/localai/runtime/rockhop-rider-search-v1/one-rider-v2/rig-adapter01/played-surfaces11/historical-captures/framed02/feet/played.mp4,9a24bb08ed3f95a056038eacb0b8729f91f83d0e8b217ac38d649b4bec8157ae,240,6/1,9 evenly spaced decoded frames
91,/Users/raynos/projects/localai/runtime/rockhop-rider-search-v1/one-rider-v2/rig-adapter01/played-surfaces11/historical-captures/framed02/hands/played.mp4,9f89fb798e367be1a37f621562caecd6065ed6d0802be40d853c7db83bb4b33f,240,6/1,9 evenly spaced decoded frames
92,/Users/raynos/projects/localai/runtime/rockhop-rider-search-v1/one-rider-v2/rig-adapter01/played-surfaces11/historical-captures/initial/feet/played.mp4,28725d4b831eb07e3a9add6f63888c8248eac64cb2c2493fa7e95f56a78698ff,240,6/1,inventoried; not individually pixel-reviewed
93,/Users/raynos/projects/localai/runtime/rockhop-rider-search-v1/one-rider-v2/rig-adapter01/played-surfaces11/historical-captures/initial/feet/maximum-forward.mp4,3b62be606eaf75db4294c5c123eccc10ae028f3e6b66e4a0e6076e5e118b6c0e,15,6/1,inventoried; not individually pixel-reviewed
94,/Users/raynos/projects/localai/runtime/rockhop-rider-search-v1/one-rider-v2/rig-adapter01/played-surfaces11/historical-captures/initial/feet/landing-recovery.mp4,e961d2fd1a065980cc2940f5daf57a0d211cc4ce61dd80d0fae5aa3f64e258dd,14,6/1,inventoried; not individually pixel-reviewed
95,/Users/raynos/projects/localai/runtime/rockhop-rider-search-v1/one-rider-v2/rig-adapter01/played-surfaces11/historical-captures/initial/feet/maximum-backward.mp4,06411af1c44f5c3a103b7ac54957447b31a1c3badeda337d1456112a01cc392f,15,6/1,inventoried; not individually pixel-reviewed
96,/Users/raynos/projects/localai/runtime/rockhop-rider-search-v1/one-rider-v2/rig-adapter01/played-surfaces11/historical-captures/initial/hands/played.mp4,95480cef832ddea722d8738113f13edc741e3c710b160d67e95db20e664e2667,240,6/1,inventoried; not individually pixel-reviewed
97,/Users/raynos/projects/localai/runtime/rockhop-rider-search-v1/one-rider-v2/rig-adapter01/played-surfaces11/historical-captures/initial/hands/maximum-forward.mp4,54d509d3a6ade86d9dc548d5d4ce924472fae8486d294d977221a1c49044a708,15,6/1,inventoried; not individually pixel-reviewed
98,/Users/raynos/projects/localai/runtime/rockhop-rider-search-v1/one-rider-v2/rig-adapter01/played-surfaces11/historical-captures/initial/hands/landing-recovery.mp4,33ceb2b5ade55bb0c4cae4025678f2a4596a6bdbb3094655d373f5c4a7723691,14,6/1,inventoried; not individually pixel-reviewed
99,/Users/raynos/projects/localai/runtime/rockhop-rider-search-v1/one-rider-v2/rig-adapter01/played-surfaces11/historical-captures/initial/hands/maximum-backward.mp4,5d7a79d8aebea2828ea6a2e750f903cac1b04629cebce058291b20175bf2c4f2,15,6/1,inventoried; not individually pixel-reviewed
100,/Users/raynos/projects/localai/runtime/rockhop-rider-search-v1/one-rider-v2/rig-adapter01/body-bind06/decoded-evidence/played01/gray/played-original.mp4,b35c87be2ca2674dd38f4f4b30fe0a9691984b160ab7bc2c2593b3b0d411a3a9,480,12/1,inventoried; not individually pixel-reviewed
101,/Users/raynos/projects/localai/runtime/rockhop-rider-search-v1/one-rider-v2/rig-adapter01/body-bind06/decoded-evidence/played01/textured/played-original.mp4,166b8920ab76473965914b1c7be3de6e331324959cd01168bc49378b98c28a5f,480,12/1,inventoried; not individually pixel-reviewed
102,/Users/raynos/projects/localai/runtime/rockhop-rider-search-v1/one-rider-v2/rig-adapter01/body-bind07/decoded-evidence/played01/gray/played-original.mp4,a4b5a227014c4c5160013a44072c125c5f84711c9e50d203506183a239c86b26,480,12/1,inventoried; not individually pixel-reviewed
103,/Users/raynos/projects/localai/runtime/rockhop-rider-search-v1/one-rider-v2/rig-adapter01/body-bind07/decoded-evidence/played01/textured/played-original.mp4,74ce5e00ac582a033e0996c9f2c78e3faa3fd3c9bb682baa7fc05e408ac5c18a,480,12/1,inventoried; not individually pixel-reviewed
104,/Users/raynos/projects/localai/runtime/rockhop-rider-search-v1/one-rider-v2/rig-adapter01/body-bind09/decoded-evidence/played01/gray/played-original.mp4,d76477b306b95ae6e5b8bfba325eee1041e318e94a9e1f3fecef4a09c1c7ebcc,480,12/1,inventoried; not individually pixel-reviewed
105,/Users/raynos/projects/localai/runtime/rockhop-rider-search-v1/one-rider-v2/rig-adapter01/body-bind09/decoded-evidence/played01/textured/played-original.mp4,c18035a308ef6e0d806651d996befa47bfd710be973e4316e277aaa5b6c3c296,480,12/1,inventoried; not individually pixel-reviewed
106,/Users/raynos/Documents/Codex/2026-09-30/task-2/rider-refinement/preferred-rider-standsit/repair03/preferred-rider-hips-before-after.mp4,84bf9251e293ba2ed1cb41207a328b5feb44b769d04cbcd4a98b90d6badb4db1,54,12/1,9 evenly spaced decoded frames
107,/Users/raynos/Documents/Codex/2026-09-30/task-2/rider-refinement/preferred-rider-standsit/repair03/preferred-rider-before-after-sitting.mp4,dce4472d894298ebb1ac77f388ea609ce80743627edd08ed379c90b52da05040,54,12/1,9 evenly spaced decoded frames
108,/Users/raynos/Documents/Codex/2026-09-30/task-2/rider-refinement/runtime-qualified91/source/harness/out/timelapse/progress-clips-web.mp4,7d3e48d2ac8fa8846b0814a2690170a03660c7ef84e13f3277d285fe07902682,1620,30/1,inventoried; not individually pixel-reviewed
109,/Users/raynos/Documents/Codex/2026-09-30/task-2/rider-refinement/runtime-qualified91/source/harness/out/timelapse/progress-clips.mp4,a38bd52972c2f72b91688e31893866b5f3c5d3cbb2fbf996497c6be53a7e0164,900,30/1,inventoried; not individually pixel-reviewed
110,/Users/raynos/Documents/Codex/2026-09-30/task-2/rider-refinement/runtime-qualified91/source/harness/out/timelapse/progress-wave4.mp4,6f060258c4996e8541e5aa269a495a6810f390e5d32ffd3611cc967c8633da7a,900,30/1,inventoried; not individually pixel-reviewed
111,/Users/raynos/Documents/Codex/2026-09-30/task-2/rider-refinement/runtime-qualified91/source/harness/out/timelapse/progress-stills.mp4,deab7d51101a5234d8cc9d42333cf4b7f93a603e94e82318fc7203276c621852,5682,30/1,inventoried; not individually pixel-reviewed
112,/Users/raynos/Documents/Codex/2026-09-30/task-2/rider-refinement/runtime-qualified91/source/harness/out/timelapse/progress-wave1.mp4,a771ff24565340f07de34af1b28c1834722c106de322f86ef408ed3a7cbab7a4,900,30/1,inventoried; not individually pixel-reviewed
113,/Users/raynos/Documents/Codex/2026-09-30/task-2/rider-refinement/runtime-qualified91/source/harness/out/timelapse/progress-wave3.mp4,8094dd8b75225fefea83d49eea9a8e4951610e2b38a6d9157230ce61b3263b8d,900,30/1,inventoried; not individually pixel-reviewed
114,/Users/raynos/Documents/Codex/2026-09-30/task-2/rider-refinement/runtime-qualified91/source/harness/out/timelapse/progress-wave2.mp4,04736846e23cad35336265229a9cf2923eb676f0e39cb63e9dccdfce8eef259e,900,30/1,inventoried; not individually pixel-reviewed
115,/Users/raynos/Documents/Codex/2026-09-30/task-2/rider-refinement/runtime-qualified91/source/harness/out/trailer/trailer-v0.2.0-15s.mp4,250bc8a96f2a4d1165e45bfd4c31cb2e369efb06f93d16e960644939efb7aa96,452,30/1,inventoried; not individually pixel-reviewed
116,/Users/raynos/Documents/Codex/2026-09-30/task-2/rider-refinement/runtime-qualified91/source/harness/out/trailer/trailer.mp4,8ac23c2f0a81fde28ced154380ed84fe5a43650928134cd62693eb3e45f2e528,1615,30/1,inventoried; not individually pixel-reviewed
117,/Users/raynos/Documents/Codex/2026-09-30/task-2/rider-refinement/runtime-qualified91/source/harness/out/trailer/trailer-1080p.mp4,863d50a24068279c6e1732a04748b39347976f5bd4ef27f23401b7f26dff0613,1615,30/1,inventoried; not individually pixel-reviewed
118,/Users/raynos/Documents/Codex/2026-09-30/task-2/rider-refinement/runtime-qualified91/source/harness/out/trailer/trailer-v0.2.0-web.mp4,ee9e18e136709afb62e1b4da1c801bf478605f4aca5ff3b83ae2b6b5a4dfde8b,1705,30/1,inventoried; not individually pixel-reviewed
119,/Users/raynos/Documents/Codex/2026-09-30/task-2/rider-refinement/runtime-qualified91/source/harness/out/trailer/trailer-15s.mp4,d6da96c6714cc485a54b54ac882acfdcd0be6e1f1f719b59283cb3ee2cfd2992,452,30/1,inventoried; not individually pixel-reviewed
120,/Users/raynos/Documents/Codex/2026-09-30/task-2/rider-refinement/runtime-qualified91/source/harness/out/trailer/trailer-v0.2.0-720p.mp4,ac378170e185f1f53148ffe0d3d59e099708ab19d3ddb7a78e70d9d29b56e463,1705,30/1,inventoried; not individually pixel-reviewed
121,/Users/raynos/Documents/Codex/2026-09-30/task-2/rider-refinement/runtime-qualified91/source/harness/out/trailer/trailer-web.mp4,5b9c487ed6cfce5aec8d0d0be4f498b5faa5cbe79bae24e62efd096103598316,1615,30/1,inventoried; not individually pixel-reviewed
122,/Users/raynos/Documents/Codex/2026-10-01/task-2/experiments/poisson-riding-before-after.mp4,20e5036ec8480f0f956f98338c55abeb2dbcbebd99cd5937895882bc7d80ec8f,35,6/1,9 evenly spaced decoded frames
123,/Users/raynos/Documents/Codex/2026-10-01/task-2/experiments/poisson-standsit-review.mp4,8abf883579a53efd09a8e61243fe34584b5a51c43fb4fb6493e37eab0e570f3d,85,24/1,9 evenly spaced decoded frames
124,/Users/raynos/Documents/Codex/2026-10-01/task-2/round02/evidence/garage-postskin02/played.mp4,f9a4ead815190c76179b1903a62759f10dfdfa92525f01c022ad75e486efde64,24,12/1,9 evenly spaced decoded frames
125,/Users/raynos/Documents/Codex/2026-10-01/task-2/round02/evidence/ride-postskin/played.mp4,60a04ce550c85d4ad8aa2026d57366b17cd809ff2b669efd5a477212bb033d19,264,12/1,9 evenly spaced decoded frames
126,/Users/raynos/Documents/Codex/2026-10-01/task-2/round02/deliverables/actual-garage-postskin-review.mp4,89f558af5d6716692377ad91e990112159e77e6c7bcd9c5bdc85a90f317c429c,24,12/1,9 evenly spaced decoded frames
127,/Users/raynos/Documents/Codex/2026-10-01/task-2/round02/deliverables/actual-riding-postskin-review.mp4,7507162d213914cde079c391cc38edc80b84ca87ac7990e7fbe1b79e976a6b5c,264,12/1,9 evenly spaced decoded frames
128,/Users/raynos/Documents/Codex/2026-10-01/task-2/deliverables/hip-repair-progress-before-after.mp4,b558488ef48feedc089ede57079720de2606c2cb19150776a9432aacfb3a8610,16,4/1,9 evenly spaced decoded frames
129,/Users/raynos/Documents/Codex/2026-10-01/task-2/deliverables/riding-hips-before-after.mp4,9078aa4da6055fbce42dfd61f99632d4d462114e74386837e794c085617e94f4,35,6/1,9 evenly spaced decoded frames
130,/Users/raynos/Documents/Codex/2026-10-01/task-2/deliverables/bike-stand-to-sit-before-after.mp4,ea1a0032ac308ccb74e0bb2f7dd632847cf696afe406c0a3c921495756f2eb9d,85,24/1,9 evenly spaced decoded frames
131,/Users/raynos/Documents/Codex/2026-10-01/task/retest01/UniMate-source-rig-refinement.mp4,1b29d5673dc53791e63a73786537eb3ecf90fc48c82209ec0e1f38c4a6ef11c6,61,30/1,9 evenly spaced decoded frames
132,/Users/raynos/Documents/Codex/2026-10-01/task/retest01/UniMate-controlled-retest.mp4,767da139274c2baa7beda31222e35708f5248c93ad304002df4646abd2acfa7d,57,30/1,9 evenly spaced decoded frames
133,/Users/raynos/Documents/Codex/2026-10-01/task/retest01/UniMate-audit-and-retest-review.mp4,edf8d6f6ceca6c2f432b0619176238e370749da921e8c62f8c315e9563bea316,236,30/1,9 evenly spaced decoded frames
round03,/Users/raynos/Documents/Codex/2026-10-01/task-2/round03/deliverables/stand-sit-continuous-method-failed.mp4,8ca2be8225c3231e9ecc8becaffcedb6acdd1512c37b7349f7802110c3757754,13,4/1,all 13 stored frames; CPU reconstruction
fresh-rig-before-after,/Users/raynos/Documents/Codex/2026-10-01/task-3/deliverables/fresh-rig-before-after.mp4,210b971b47691dfa7bd93126ea6dc2619e9a784b235a74bff108108430d2e309,207,12/1,all consecutive stored frames; CPU Cycles comparison; no gameplay qualification
fresh-rig-hip-motion,/Users/raynos/Documents/Codex/2026-10-01/task-3/deliverables/fresh-rig-hip-motion.mp4,1fdcc31c9669a56e37bd8b31a6a63c638e66af0642c2fa7b8ed596e8800c8a8d,69,12/1,all consecutive stored frames; CPU Cycles comparison; no gameplay qualification
