image,name,width,height,PNG_bytes,UASTC_no_RDO_bytes,UASTC_RDO_05_bytes,srgb
0,baseColorTexture,4096,4096,3887136,5534797,4564191,True
1,metallicRoughnessTexture,4096,4096,11836740,13464031,10208841,False
2,baseColorTexture,4096,4096,892496,980200,979505,True
3,metallicRoughnessTexture,4096,4096,6387044,9024129,6538664,False
4,textured,1024,1024,979892,1013322,842447,True
5,CPU baked coherent cheek skin,1024,1024,74376,215466,188579,True
6,SelectedSkin_NewAnatomicalNeckUV,256,256,58916,66554,48017,True
7,Image_0,4096,4096,10002352,12735936,10151246,True
8,Image_1,4096,4096,6925436,9932097,7674097,False
9,normal,4096,4096,5380468,5893768,4301539,False
10,albedo,4096,4096,5532716,4951375,3618448,True
11,metallicRoughness,4096,4096,5070056,4675050,3624394,False
